{
    "./tartarus.cpp": 1748219713.4822164,
    "./src/frontend/lexer/lexer.cpp": 1748219076.5864146,
    "./src/frontend/lexer/token.cpp": 1748218849.903434
}