{
    "./tartarus.cpp": 1748219622.5003674,
    "./src/frontend/lexer/lexer.cpp": 1748219076.5864146,
    "./src/frontend/lexer/token.cpp": 1748218849.903434
}